case,variant,repeat,mean_tick_ms,p50_tick_ms,p95_tick_ms,max_tick_ms,mean_call_ms,observed_tps,main_cpu_ms,worker_cpu_ms,gc_millis,gc_collections,checksum,jar_sha256,harness_sha256,evidence_directory
activation_dense,esco0,1,35.808637415,33.439298,43.900249,189.605304,2.5312465950000003,19.911724894048714,7171.354214,0.0,90,1,83900936,2bca7fbad7670879b55986de52e75f7a763e82e4afc2236f843460f924f4bef8,8d260d5efd03a20ec31b4524689d20653dbe20da4979d46563bcaf19f1aad417,activation_dense/esco0-1
activation_dense,esco0,2,49.121082695000005,33.13412,43.102133,2768.648118,2.59396700125,16.00125393762477,9753.180544,0.0,86,1,83900936,2bca7fbad7670879b55986de52e75f7a763e82e4afc2236f843460f924f4bef8,8d260d5efd03a20ec31b4524689d20653dbe20da4979d46563bcaf19f1aad417,activation_dense/esco0-2
activation_dense,esco4,1,38.1901691,33.956187,56.131637,184.345368,2.486548565,19.773625946097113,6823.399031,1130.861203,61,1,83900936,2bca7fbad7670879b55986de52e75f7a763e82e4afc2236f843460f924f4bef8,8d260d5efd03a20ec31b4524689d20653dbe20da4979d46563bcaf19f1aad417,activation_dense/esco4-1
activation_dense,esco4,2,32.694971725,29.6971,42.131094,271.073556,2.05779389875,20.0,6219.363282,1083.867883,78,1,83900936,2bca7fbad7670879b55986de52e75f7a763e82e4afc2236f843460f924f4bef8,8d260d5efd03a20ec31b4524689d20653dbe20da4979d46563bcaf19f1aad417,activation_dense/esco4-2
activation_dense,esco_all,1,36.059727509999995,34.28674,48.882873,187.020722,2.03764711625,19.99530103227433,6593.868925,1094.773049,87,1,83900936,2bca7fbad7670879b55986de52e75f7a763e82e4afc2236f843460f924f4bef8,8d260d5efd03a20ec31b4524689d20653dbe20da4979d46563bcaf19f1aad417,activation_dense/esco_all-1
activation_dense,esco_all,2,37.266348925,30.419478,51.119389,480.854932,2.253171775,19.479560749665456,6634.307745,1153.010229,85,1,83900936,2bca7fbad7670879b55986de52e75f7a763e82e4afc2236f843460f924f4bef8,8d260d5efd03a20ec31b4524689d20653dbe20da4979d46563bcaf19f1aad417,activation_dense/esco_all-2
activation_dense,leaf,1,84.969707265,82.680556,105.617544,152.991383,14.409174592500001,11.755421751054456,16967.579687,0.0,25,3,83900936,bfc308dc53560fe2d0158564b5382c81bc2c22cc1d714a40ee6304d7e40c385e,8d260d5efd03a20ec31b4524689d20653dbe20da4979d46563bcaf19f1aad417,activation_dense/leaf-1
activation_dense,leaf,2,99.702836265,84.693053,101.645403,2132.089885,18.57320017875,10.017266130541447,19924.637609,0.0,20,3,83900936,bfc308dc53560fe2d0158564b5382c81bc2c22cc1d714a40ee6304d7e40c385e,8d260d5efd03a20ec31b4524689d20653dbe20da4979d46563bcaf19f1aad417,activation_dense/leaf-2
natural_ai,esco4,1,6.362507095000001,1.694071,13.577269,405.405384,0.009624230000000001,19.53993629167517,1353.15023,0.0,0,0,0,2bca7fbad7670879b55986de52e75f7a763e82e4afc2236f843460f924f4bef8,8d260d5efd03a20ec31b4524689d20653dbe20da4979d46563bcaf19f1aad417,natural_ai/esco4-1
natural_ai,esco4,2,59.65246894,2.119389,347.112203,1083.659389,0.08927099,12.064982801621285,12416.380182,0.0,0,0,0,2bca7fbad7670879b55986de52e75f7a763e82e4afc2236f843460f924f4bef8,8d260d5efd03a20ec31b4524689d20653dbe20da4979d46563bcaf19f1aad417,natural_ai/esco4-2
natural_ai,esco_all,1,4.12668896,1.731596,9.60488,180.751488,0.004897665,20.0,808.401907,0.0,0,0,0,2bca7fbad7670879b55986de52e75f7a763e82e4afc2236f843460f924f4bef8,8d260d5efd03a20ec31b4524689d20653dbe20da4979d46563bcaf19f1aad417,natural_ai/esco_all-1
natural_ai,esco_all,2,2.2666283050000002,1.657557,3.965065,20.71243,0.00246976,20.0,476.04715,0.0,0,0,0,2bca7fbad7670879b55986de52e75f7a763e82e4afc2236f843460f924f4bef8,8d260d5efd03a20ec31b4524689d20653dbe20da4979d46563bcaf19f1aad417,natural_ai/esco_all-2
natural_ai,leaf,1,5.340463675,1.892143,20.32817,112.330871,0.00446345,20.0,1133.577887,0.0,0,0,0,bfc308dc53560fe2d0158564b5382c81bc2c22cc1d714a40ee6304d7e40c385e,8d260d5efd03a20ec31b4524689d20653dbe20da4979d46563bcaf19f1aad417,natural_ai/leaf-1
natural_ai,leaf,2,3.222462685,1.608525,4.380258,80.203781,0.002448675,20.0,657.977656,0.0,0,0,0,bfc308dc53560fe2d0158564b5382c81bc2c22cc1d714a40ee6304d7e40c385e,8d260d5efd03a20ec31b4524689d20653dbe20da4979d46563bcaf19f1aad417,natural_ai/leaf-2
potential_dense,esco4,1,1.892122645,1.759338,2.464109,10.210688,0.035602443906249996,20.0,399.908697,0.0,0,0,7886138808790316688,2bca7fbad7670879b55986de52e75f7a763e82e4afc2236f843460f924f4bef8,8d260d5efd03a20ec31b4524689d20653dbe20da4979d46563bcaf19f1aad417,potential_dense/esco4-1
potential_dense,esco4,2,2.8553297900000003,1.860938,3.347554,86.228109,0.03856785484375,20.0,615.858745,0.0,0,0,7886138808790316688,2bca7fbad7670879b55986de52e75f7a763e82e4afc2236f843460f924f4bef8,8d260d5efd03a20ec31b4524689d20653dbe20da4979d46563bcaf19f1aad417,potential_dense/esco4-2
potential_dense,esco_all,1,1.83893702,1.728543,2.383741,9.958516,0.0365334725,20.0,392.771954,0.0,0,0,7886138808790316688,2bca7fbad7670879b55986de52e75f7a763e82e4afc2236f843460f924f4bef8,8d260d5efd03a20ec31b4524689d20653dbe20da4979d46563bcaf19f1aad417,potential_dense/esco_all-1
potential_dense,esco_all,2,1.8742821900000002,1.740701,2.298765,12.65563,0.03655740625,20.0,398.990116,0.0,0,0,7886138808790316688,2bca7fbad7670879b55986de52e75f7a763e82e4afc2236f843460f924f4bef8,8d260d5efd03a20ec31b4524689d20653dbe20da4979d46563bcaf19f1aad417,potential_dense/esco_all-2
potential_dense,leaf,1,2.07288565,1.839146,2.949637,11.51816,0.03577196890625,20.0,413.604141,0.0,0,0,7886138808790316688,bfc308dc53560fe2d0158564b5382c81bc2c22cc1d714a40ee6304d7e40c385e,8d260d5efd03a20ec31b4524689d20653dbe20da4979d46563bcaf19f1aad417,potential_dense/leaf-1
potential_dense,leaf,2,2.016101125,1.832777,3.050365,10.070302,0.03685154953125,20.0,439.859662,0.0,0,0,7886138808790316688,bfc308dc53560fe2d0158564b5382c81bc2c22cc1d714a40ee6304d7e40c385e,8d260d5efd03a20ec31b4524689d20653dbe20da4979d46563bcaf19f1aad417,potential_dense/leaf-2
potential_large,esco4,1,9.45583145,8.462018,12.094113,86.597769,0.25228497734375,19.999074524827197,1348.021099,2160.393896,0,0,-5896094414094803078,2bca7fbad7670879b55986de52e75f7a763e82e4afc2236f843460f924f4bef8,8d260d5efd03a20ec31b4524689d20653dbe20da4979d46563bcaf19f1aad417,potential_large/esco4-1
potential_large,esco4,2,7.95453839,7.685426,9.414731,23.412565,0.22566700796875,20.0,1129.191618,2027.930572,0,0,-5896094414094803078,2bca7fbad7670879b55986de52e75f7a763e82e4afc2236f843460f924f4bef8,8d260d5efd03a20ec31b4524689d20653dbe20da4979d46563bcaf19f1aad417,potential_large/esco4-2
potential_large,esco_all,1,8.976826234999999,8.1993,11.450747,118.219695,0.24014678390625,20.0,1176.662813,2141.18393,0,0,-5896094414094803078,2bca7fbad7670879b55986de52e75f7a763e82e4afc2236f843460f924f4bef8,8d260d5efd03a20ec31b4524689d20653dbe20da4979d46563bcaf19f1aad417,potential_large/esco_all-1
potential_large,esco_all,2,9.07962972,8.590573,12.215987,21.954792,0.25646219046875,20.0,1192.214303,2015.973866,0,0,-5896094414094803078,2bca7fbad7670879b55986de52e75f7a763e82e4afc2236f843460f924f4bef8,8d260d5efd03a20ec31b4524689d20653dbe20da4979d46563bcaf19f1aad417,potential_large/esco_all-2
potential_large,leaf,1,11.367839584999999,9.87776,17.388675,83.611995,0.306927089375,19.976571000091045,2327.359113,0.0,0,0,-5896094414094803078,bfc308dc53560fe2d0158564b5382c81bc2c22cc1d714a40ee6304d7e40c385e,8d260d5efd03a20ec31b4524689d20653dbe20da4979d46563bcaf19f1aad417,potential_large/leaf-1
potential_large,leaf,2,10.53296047,9.755326,12.773553,98.954183,0.2931942878125,19.686897313261934,2285.868386,0.0,0,0,-5896094414094803078,bfc308dc53560fe2d0158564b5382c81bc2c22cc1d714a40ee6304d7e40c385e,8d260d5efd03a20ec31b4524689d20653dbe20da4979d46563bcaf19f1aad417,potential_large/leaf-2
potential_xlarge,esco0,1,43.71792104,42.136717,49.337605,133.929745,1.32865763109375,19.986458770456547,8723.531037,0.0,0,0,2790120445941051663,2bca7fbad7670879b55986de52e75f7a763e82e4afc2236f843460f924f4bef8,8d260d5efd03a20ec31b4524689d20653dbe20da4979d46563bcaf19f1aad417,potential_xlarge/esco0-1
potential_xlarge,esco0,2,47.936028914999994,42.27474,52.241563,800.76911,1.4327284807812501,18.613118862718245,9643.524806,0.0,0,0,2790120445941051663,2bca7fbad7670879b55986de52e75f7a763e82e4afc2236f843460f924f4bef8,8d260d5efd03a20ec31b4524689d20653dbe20da4979d46563bcaf19f1aad417,potential_xlarge/esco0-2
potential_xlarge,esco4,1,27.831316855,24.828577,42.229977,118.497237,0.8185894412499999,19.852749871139522,3887.112276,7918.084268,0,0,2790120445941051663,2bca7fbad7670879b55986de52e75f7a763e82e4afc2236f843460f924f4bef8,8d260d5efd03a20ec31b4524689d20653dbe20da4979d46563bcaf19f1aad417,potential_xlarge/esco4-1
potential_xlarge,esco4,2,25.37854758,23.766118,29.009414,146.492054,0.73663233796875,20.0,3804.719687,7898.082152,0,0,2790120445941051663,2bca7fbad7670879b55986de52e75f7a763e82e4afc2236f843460f924f4bef8,8d260d5efd03a20ec31b4524689d20653dbe20da4979d46563bcaf19f1aad417,potential_xlarge/esco4-2
potential_xlarge,esco_all,1,22.336810970000002,20.807701,26.884563,108.592233,0.6588250512499999,19.955653447352788,2811.474328,8530.197208,0,0,2790120445941051663,2bca7fbad7670879b55986de52e75f7a763e82e4afc2236f843460f924f4bef8,8d260d5efd03a20ec31b4524689d20653dbe20da4979d46563bcaf19f1aad417,potential_xlarge/esco_all-1
potential_xlarge,esco_all,2,31.04702424,26.057875,44.574542,139.225526,0.91494607765625,19.99531149136338,2910.878873,7765.474929,0,0,2790120445941051663,2bca7fbad7670879b55986de52e75f7a763e82e4afc2236f843460f924f4bef8,8d260d5efd03a20ec31b4524689d20653dbe20da4979d46563bcaf19f1aad417,potential_xlarge/esco_all-2
potential_xlarge,leaf,1,36.791863925,35.480416,43.644266,97.790528,1.11502370015625,19.993468917448652,7338.753056,0.0,0,0,2790120445941051663,bfc308dc53560fe2d0158564b5382c81bc2c22cc1d714a40ee6304d7e40c385e,8d260d5efd03a20ec31b4524689d20653dbe20da4979d46563bcaf19f1aad417,potential_xlarge/leaf-1
potential_xlarge,leaf,2,36.927534605,35.323273,42.621177,135.28953,1.120003275,19.80406480917599,7507.777863,0.0,0,0,2790120445941051663,bfc308dc53560fe2d0158564b5382c81bc2c22cc1d714a40ee6304d7e40c385e,8d260d5efd03a20ec31b4524689d20653dbe20da4979d46563bcaf19f1aad417,potential_xlarge/leaf-2
sensor_dense,esco4,1,19.44878676,17.235353,31.226831,49.348396,1.71204065125,20.0,3902.705145,0.0,0,0,-182164348303029187,2bca7fbad7670879b55986de52e75f7a763e82e4afc2236f843460f924f4bef8,8d260d5efd03a20ec31b4524689d20653dbe20da4979d46563bcaf19f1aad417,sensor_dense/esco4-1
sensor_dense,esco4,2,21.2299782,17.953302,29.948249,258.401635,1.8157166150000001,20.0,4283.671842,0.0,0,0,-182164348303029187,2bca7fbad7670879b55986de52e75f7a763e82e4afc2236f843460f924f4bef8,8d260d5efd03a20ec31b4524689d20653dbe20da4979d46563bcaf19f1aad417,sensor_dense/esco4-2
sensor_dense,esco_all,1,35.445011725,17.614211,59.731649,824.53618,2.6456426575,15.274315847620544,7619.54495,0.0,0,0,-182164348303029187,2bca7fbad7670879b55986de52e75f7a763e82e4afc2236f843460f924f4bef8,8d260d5efd03a20ec31b4524689d20653dbe20da4979d46563bcaf19f1aad417,sensor_dense/esco_all-1
sensor_dense,esco_all,2,78.40244085,18.849628,34.327578,11375.663351,15.867553353750003,9.477590717239243,15628.425499,0.0,0,0,-182164348303029187,2bca7fbad7670879b55986de52e75f7a763e82e4afc2236f843460f924f4bef8,8d260d5efd03a20ec31b4524689d20653dbe20da4979d46563bcaf19f1aad417,sensor_dense/esco_all-2
sensor_dense,leaf,1,19.96009444,17.710635,26.846653,118.385139,1.8366438125,20.0,3952.716211,0.0,0,0,-182164348303029187,bfc308dc53560fe2d0158564b5382c81bc2c22cc1d714a40ee6304d7e40c385e,8d260d5efd03a20ec31b4524689d20653dbe20da4979d46563bcaf19f1aad417,sensor_dense/leaf-1
sensor_dense,leaf,2,19.93829993,18.301162,23.619759,156.326109,1.91265542,20.0,4047.810876,0.0,0,0,-182164348303029187,bfc308dc53560fe2d0158564b5382c81bc2c22cc1d714a40ee6304d7e40c385e,8d260d5efd03a20ec31b4524689d20653dbe20da4979d46563bcaf19f1aad417,sensor_dense/leaf-2
sensor_large,esco4,1,92.511889875,83.603459,116.837194,446.681078,7.4112260275,10.793535388108204,18453.153335,0.0,49,1,-8191274713833297351,2bca7fbad7670879b55986de52e75f7a763e82e4afc2236f843460f924f4bef8,8d260d5efd03a20ec31b4524689d20653dbe20da4979d46563bcaf19f1aad417,sensor_large/esco4-1
sensor_large,esco4,2,89.94730868500001,85.193374,122.296367,149.238683,7.39543531125,11.104840331163219,17925.96398,0.0,43,1,-8191274713833297351,2bca7fbad7670879b55986de52e75f7a763e82e4afc2236f843460f924f4bef8,8d260d5efd03a20ec31b4524689d20653dbe20da4979d46563bcaf19f1aad417,sensor_large/esco4-2
sensor_large,esco_all,1,92.28085346,86.48252,125.527358,137.989344,7.89399971125,10.824957947181717,18406.038628,0.0,44,1,-8191274713833297351,2bca7fbad7670879b55986de52e75f7a763e82e4afc2236f843460f924f4bef8,8d260d5efd03a20ec31b4524689d20653dbe20da4979d46563bcaf19f1aad417,sensor_large/esco_all-1
sensor_large,esco_all,2,90.02949088,84.501738,110.109053,488.786074,7.70217524875,11.085635711152786,17991.180135,0.0,40,1,-8191274713833297351,2bca7fbad7670879b55986de52e75f7a763e82e4afc2236f843460f924f4bef8,8d260d5efd03a20ec31b4524689d20653dbe20da4979d46563bcaf19f1aad417,sensor_large/esco_all-2
sensor_large,leaf,1,91.63809364000001,88.690021,109.960013,172.851842,8.114129816250001,10.900463100190457,18276.084328,0.0,59,2,-8191274713833297351,bfc308dc53560fe2d0158564b5382c81bc2c22cc1d714a40ee6304d7e40c385e,8d260d5efd03a20ec31b4524689d20653dbe20da4979d46563bcaf19f1aad417,sensor_large/leaf-1
sensor_large,leaf,2,90.01197078999999,87.538078,103.128097,133.238143,8.10098904875,11.09718803092972,17994.904196,0.0,12,1,-8191274713833297351,bfc308dc53560fe2d0158564b5382c81bc2c22cc1d714a40ee6304d7e40c385e,8d260d5efd03a20ec31b4524689d20653dbe20da4979d46563bcaf19f1aad417,sensor_large/leaf-2
